instance,solver,result,time_sec,decisions,clauses_generated
uf100-0997.cnf,DPLL,SAT,59.895597,176124,-
uf100-0999.cnf,DPLL,SAT,14.025092,32464,-
uf20-01000.cnf,DPLL,SAT,0.001017,18,-
uf20-0999.cnf,DPLL,SAT,0.000245,5,-
uf50-0998.cnf,DPLL,SAT,0.072652,530,-
uf50-0999.cnf,DPLL,SAT,0.091267,601,-
uf75-0100.cnf,DPLL,SAT,1.677784,7340,-
uf75-099.cnf,DPLL,SAT,0.181503,606,-
uuf100-01000.cnf,DPLL,UNSAT,71.17705,172876,-
uuf100-0997.cnf,DPLL,UNSAT,102.331865,256734,-
uuf50-01000.cnf,DPLL,UNSAT,0.050895,384,-
uuf50-0999.cnf,DPLL,UNSAT,0.157767,1062,-
uuf75-095.cnf,DPLL,UNSAT,3.576258,14614,-
uuf75-096.cnf,DPLL,UNSAT,0.972075,3884,-
